outer_step,task,lam,inner_lr,inner_steps,pre/loss_train,pre/loss_related,pre/kl_related,post/loss_train,post/loss_related,post/kl_related,base/loss_train,base/loss_related
0,chocolate,0.5,0.0005,5,3.57826828956604,4.065996170043945,0.0007572765462100506,3.59881591796875,3.7211227416992188,0.0010228066239506006,3.717437267303467,3.582737922668457
0,french,0.5,0.0005,5,4.227256774902344,3.816237211227417,0.0008938300306908786,3.830374002456665,4.002845764160156,0.0010329998331144452,4.18150520324707,3.9597713947296143
0,german,0.5,0.0005,5,4.470579624176025,4.232651233673096,0.0008221108582802117,4.138138294219971,4.3106255531311035,0.001084516872651875,4.297738075256348,4.288200855255127
0,korean,0.5,0.0005,5,3.6639537811279297,3.544858932495117,0.0008746258681640029,3.0631213188171387,3.4364230632781982,0.0007585843559354544,3.4757795333862305,3.4782605171203613
0,mandarin,0.5,0.0005,5,3.955432891845703,3.6885509490966797,0.0007878459873609245,3.9856045246124268,3.810126304626465,0.0009529207018204033,3.5947265625,3.9090890884399414
0,spanish,0.5,0.0005,5,3.9990179538726807,3.712224245071411,0.000790268590208143,4.1252923011779785,3.905444383621216,0.0009796610102057457,3.742701530456543,4.105877876281738
10,chocolate,0.5,0.0005,5,3.727787971496582,3.8463451862335205,0.00229875766672194,3.657205820083618,3.4512155055999756,0.002627114998176694,3.717437267303467,3.582737922668457
10,french,0.5,0.0005,5,3.9604625701904297,3.4913740158081055,0.001954121747985482,3.8245763778686523,3.7510476112365723,0.003918176982551813,4.18150520324707,3.9597713947296143
10,german,0.5,0.0005,5,4.20428991317749,4.108053207397461,0.002033743541687727,4.224853992462158,3.982792615890503,0.0027919558342546225,4.297738075256348,4.288200855255127
10,korean,0.5,0.0005,5,3.2206175327301025,3.412228584289551,0.0017261105822399259,3.3949992656707764,3.3791863918304443,0.0023663081228733063,3.4757795333862305,3.4782605171203613
10,mandarin,0.5,0.0005,5,3.498788833618164,3.566742420196533,0.0017118590185418725,3.4152700901031494,3.6374094486236572,0.002553601050749421,3.5947265625,3.9090890884399414
10,spanish,0.5,0.0005,5,3.8317108154296875,3.9795851707458496,0.0020245013292878866,3.8375966548919678,3.7500786781311035,0.003671743208542466,3.742701530456543,4.105877876281738
20,chocolate,0.5,0.0005,5,3.6510586738586426,3.5951201915740967,0.009060120210051537,3.670536756515503,3.2896487712860107,0.008866711519658566,3.717437267303467,3.582737922668457
20,french,0.5,0.0005,5,3.646498918533325,3.3050572872161865,0.007940939627587795,3.5310723781585693,3.447330951690674,0.010567931458353996,4.18150520324707,3.9597713947296143
20,german,0.5,0.0005,5,4.032306671142578,3.9016103744506836,0.0072877476923167706,4.063486099243164,3.70185923576355,0.011126088909804821,4.297738075256348,4.288200855255127
20,korean,0.5,0.0005,5,3.360910654067993,3.0464699268341064,0.006501729134470224,2.8709545135498047,3.1118152141571045,0.0072702402248978615,3.4757795333862305,3.4782605171203613
20,mandarin,0.5,0.0005,5,3.3945584297180176,3.498500347137451,0.005782457534223795,3.519052028656006,3.1850216388702393,0.008134600706398487,3.5947265625,3.9090890884399414
20,spanish,0.5,0.0005,5,3.444000482559204,3.737029552459717,0.008221901021897793,3.411072015762329,2.9967541694641113,0.00985852163285017,3.742701530456543,4.105877876281738
30,chocolate,0.5,0.0005,5,3.4613115787506104,3.156874179840088,0.01625201851129532,3.5467848777770996,3.261029005050659,0.019279416650533676,3.717437267303467,3.582737922668457
30,french,0.5,0.0005,5,3.280224561691284,3.378809690475464,0.024556873366236687,3.3272159099578857,3.4207141399383545,0.025874126702547073,4.18150520324707,3.9597713947296143
30,german,0.5,0.0005,5,3.459707736968994,3.6792690753936768,0.01992504857480526,3.7177088260650635,3.6029374599456787,0.027672545984387398,4.297738075256348,4.288200855255127
30,korean,0.5,0.0005,5,2.820173978805542,3.1781182289123535,0.01973402313888073,2.828216552734375,2.8846192359924316,0.02145605906844139,3.4757795333862305,3.4782605171203613
30,mandarin,0.5,0.0005,5,3.028764247894287,3.1451869010925293,0.014819899573922157,3.214719295501709,3.0810794830322266,0.02145952731370926,3.5947265625,3.9090890884399414
30,spanish,0.5,0.0005,5,3.535815715789795,3.3450746536254883,0.021867984905838966,3.4087655544281006,3.308467388153076,0.02600685879588127,3.742701530456543,4.105877876281738
40,chocolate,0.5,0.0005,5,3.2858645915985107,3.175508975982666,0.036634448915719986,3.1186258792877197,3.183966636657715,0.039551977068185806,3.717437267303467,3.582737922668457
40,french,0.5,0.0005,5,3.432187557220459,3.1212332248687744,0.04413951560854912,3.239511489868164,2.9579789638519287,0.05394252389669418,4.18150520324707,3.9597713947296143
40,german,0.5,0.0005,5,3.8139419555664062,3.3378446102142334,0.046562258154153824,3.4551479816436768,3.3451733589172363,0.051540669053792953,4.297738075256348,4.288200855255127
40,korean,0.5,0.0005,5,2.7423062324523926,2.864331007003784,0.03530534729361534,2.7513768672943115,2.699488401412964,0.040770962834358215,3.4757795333862305,3.4782605171203613
40,mandarin,0.5,0.0005,5,2.9545226097106934,2.962038516998291,0.04066536948084831,3.1728339195251465,3.0850257873535156,0.05492717772722244,3.5947265625,3.9090890884399414
40,spanish,0.5,0.0005,5,2.988640546798706,3.005998373031616,0.05125890672206879,3.410585641860962,2.924940586090088,0.05773962661623955,3.742701530456543,4.105877876281738
50,chocolate,0.5,0.0005,5,3.101252555847168,3.255342721939087,0.05513190105557442,3.0363879203796387,3.2081685066223145,0.06551355868577957,3.717437267303467,3.582737922668457
50,french,0.5,0.0005,5,2.720489263534546,2.924506187438965,0.08146203309297562,3.208200216293335,2.7274675369262695,0.09166507422924042,4.18150520324707,3.9597713947296143
50,german,0.5,0.0005,5,3.2469091415405273,3.0506386756896973,0.0654187723994255,3.341200113296509,3.121232509613037,0.09082429111003876,4.297738075256348,4.288200855255127
50,korean,0.5,0.0005,5,2.7721786499023438,2.764286756515503,0.06669920682907104,2.8593461513519287,2.5648250579833984,0.06582815200090408,3.4757795333862305,3.4782605171203613
50,mandarin,0.5,0.0005,5,3.0943586826324463,2.782893180847168,0.09204010665416718,3.0594727993011475,2.882321834564209,0.10251165926456451,3.5947265625,3.9090890884399414
50,spanish,0.5,0.0005,5,2.6977882385253906,2.7782723903656006,0.07849647849798203,2.860883951187134,2.606863021850586,0.10071271657943726,3.742701530456543,4.105877876281738
60,chocolate,0.5,0.0005,5,3.091444492340088,3.053273916244507,0.061939433217048645,3.200470209121704,2.9825267791748047,0.07889872044324875,3.717437267303467,3.582737922668457
60,french,0.5,0.0005,5,2.737865447998047,2.8509225845336914,0.12984496355056763,2.8446810245513916,2.587829113006592,0.13225801289081573,4.18150520324707,3.9597713947296143
60,german,0.5,0.0005,5,3.163980722427368,3.2921500205993652,0.12413019686937332,2.8741848468780518,3.0769035816192627,0.1324552297592163,4.297738075256348,4.288200855255127
60,korean,0.5,0.0005,5,2.5445096492767334,2.715132713317871,0.10368514806032181,2.647681474685669,2.646270275115967,0.09615230560302734,3.4757795333862305,3.4782605171203613
60,mandarin,0.5,0.0005,5,2.391615152359009,2.745326042175293,0.16136886179447174,2.7764909267425537,2.859192132949829,0.18369530141353607,3.5947265625,3.9090890884399414
60,spanish,0.5,0.0005,5,2.846456289291382,2.8830628395080566,0.14279578626155853,2.5099854469299316,2.429190158843994,0.1459762305021286,3.742701530456543,4.105877876281738
70,chocolate,0.5,0.0005,5,3.0074262619018555,2.790414810180664,0.07296110689640045,2.8723342418670654,2.859654426574707,0.08430743217468262,3.717437267303467,3.582737922668457
70,french,0.5,0.0005,5,2.8427164554595947,2.743436574935913,0.1740158200263977,2.8362789154052734,2.4905896186828613,0.18163704872131348,4.18150520324707,3.9597713947296143
70,german,0.5,0.0005,5,2.8230817317962646,2.957364559173584,0.16266900300979614,2.792085886001587,2.72780442237854,0.16704007983207703,4.297738075256348,4.288200855255127
70,korean,0.5,0.0005,5,2.6521077156066895,2.61612606048584,0.12838593125343323,2.6131205558776855,2.6680612564086914,0.1251128613948822,3.4757795333862305,3.4782605171203613
70,mandarin,0.5,0.0005,5,2.6200664043426514,2.7244205474853516,0.201946422457695,2.369184970855713,2.7490310668945312,0.1899726837873459,3.5947265625,3.9090890884399414
70,spanish,0.5,0.0005,5,2.5575268268585205,2.561872959136963,0.16789211332798004,2.357017755508423,2.607527017593384,0.1839122623205185,3.742701530456543,4.105877876281738
80,chocolate,0.5,0.0005,5,3.1546714305877686,2.889094591140747,0.07494629919528961,2.8438334465026855,2.698307514190674,0.08544296771287918,3.717437267303467,3.582737922668457
80,french,0.5,0.0005,5,2.4402096271514893,2.3737921714782715,0.16253337264060974,2.498274564743042,2.6066415309906006,0.19809205830097198,4.18150520324707,3.9597713947296143
80,german,0.5,0.0005,5,2.787820339202881,2.7913897037506104,0.2021888792514801,2.7842671871185303,2.654144048690796,0.2126869559288025,4.297738075256348,4.288200855255127
80,korean,0.5,0.0005,5,2.703274965286255,2.5634682178497314,0.13509602844715118,2.4745564460754395,2.5248312950134277,0.1427314430475235,3.4757795333862305,3.4782605171203613
80,mandarin,0.5,0.0005,5,2.535590171813965,2.7285420894622803,0.20763972401618958,2.7860028743743896,2.4589035511016846,0.21760191023349762,3.5947265625,3.9090890884399414
80,spanish,0.5,0.0005,5,2.48803448677063,2.3598785400390625,0.19377420842647552,2.2118685245513916,2.2862625122070312,0.21849672496318817,3.742701530456543,4.105877876281738
90,chocolate,0.5,0.0005,5,2.934791088104248,2.6711034774780273,0.0824328288435936,2.8607683181762695,2.8154168128967285,0.09640581160783768,3.717437267303467,3.582737922668457
90,french,0.5,0.0005,5,2.2366037368774414,2.2318408489227295,0.19732216000556946,2.1856796741485596,2.0926754474639893,0.22886642813682556,4.18150520324707,3.9597713947296143
90,german,0.5,0.0005,5,2.446434497833252,2.470116376876831,0.20818951725959778,2.612271547317505,2.236274003982544,0.24469111859798431,4.297738075256348,4.288200855255127
90,korean,0.5,0.0005,5,2.463726282119751,2.5015323162078857,0.15344811975955963,2.413308620452881,2.6360561847686768,0.1725318282842636,3.4757795333862305,3.4782605171203613
90,mandarin,0.5,0.0005,5,2.8293755054473877,2.6864874362945557,0.25109103322029114,2.5486693382263184,2.3855390548706055,0.2508716583251953,3.5947265625,3.9090890884399414
90,spanish,0.5,0.0005,5,2.2971765995025635,2.13649582862854,0.208458811044693,2.4863266944885254,2.171581745147705,0.220433309674263,3.742701530456543,4.105877876281738
100,chocolate,0.5,0.0005,5,2.7011754512786865,2.5621821880340576,0.09054594486951828,2.704633951187134,2.752392530441284,0.09909459948539734,3.717437267303467,3.582737922668457
100,french,0.5,0.0005,5,2.1789300441741943,2.367300033569336,0.23399686813354492,2.1671836376190186,1.9576122760772705,0.2809387147426605,4.18150520324707,3.9597713947296143
100,german,0.5,0.0005,5,2.4237186908721924,2.3487398624420166,0.20703254640102386,2.580829381942749,2.3851535320281982,0.2643214464187622,4.297738075256348,4.288200855255127
100,korean,0.5,0.0005,5,2.606337070465088,2.308706045150757,0.17033524811267853,2.29844069480896,2.3369758129119873,0.2013150453567505,3.4757795333862305,3.4782605171203613
100,mandarin,0.5,0.0005,5,2.612696409225464,2.3038978576660156,0.26972606778144836,2.474119186401367,2.5330796241760254,0.24127843976020813,3.5947265625,3.9090890884399414
100,spanish,0.5,0.0005,5,1.9744641780853271,2.0489578247070312,0.22621998190879822,2.138972282409668,2.239372730255127,0.27749118208885193,3.742701530456543,4.105877876281738
110,chocolate,0.5,0.0005,5,2.7384159564971924,2.5607354640960693,0.11611013114452362,2.886091947555542,2.5099353790283203,0.11703387647867203,3.717437267303467,3.582737922668457
110,french,0.5,0.0005,5,1.96835196018219,1.9647783041000366,0.2660786509513855,2.2780649662017822,2.107484817504883,0.3229544162750244,4.18150520324707,3.9597713947296143
110,german,0.5,0.0005,5,2.068148374557495,1.999481201171875,0.2778094708919525,2.213200569152832,2.1118178367614746,0.31476062536239624,4.297738075256348,4.288200855255127
110,korean,0.5,0.0005,5,2.32672119140625,2.330950975418091,0.20688726007938385,2.2367546558380127,2.2044825553894043,0.19715893268585205,3.4757795333862305,3.4782605171203613
110,mandarin,0.5,0.0005,5,2.450159788131714,2.4138026237487793,0.2693105936050415,2.2507271766662598,2.4910221099853516,0.26768457889556885,3.5947265625,3.9090890884399414
110,spanish,0.5,0.0005,5,2.0835044384002686,1.8772484064102173,0.2951413691043854,1.9481351375579834,1.8682693243026733,0.29928046464920044,3.742701530456543,4.105877876281738
120,chocolate,0.5,0.0005,5,2.721557855606079,2.7030892372131348,0.1278403401374817,2.6843159198760986,2.597670316696167,0.12816840410232544,3.717437267303467,3.582737922668457
120,french,0.5,0.0005,5,1.810752511024475,1.9517358541488647,0.2972095012664795,1.7978980541229248,1.8086259365081787,0.3411847651004791,4.18150520324707,3.9597713947296143
120,german,0.5,0.0005,5,2.1713123321533203,2.111551284790039,0.2992026209831238,2.3012051582336426,2.119812250137329,0.3501361012458801,4.297738075256348,4.288200855255127
120,korean,0.5,0.0005,5,2.575200319290161,2.156996250152588,0.2016754448413849,2.287930488586426,2.3065502643585205,0.2195066511631012,3.4757795333862305,3.4782605171203613
120,mandarin,0.5,0.0005,5,2.2056336402893066,2.326524019241333,0.30600059032440186,2.390349864959717,2.203984260559082,0.29821956157684326,3.5947265625,3.9090890884399414
120,spanish,0.5,0.0005,5,1.9664314985275269,1.9084129333496094,0.2912018597126007,1.9013147354125977,1.8171864748001099,0.34388497471809387,3.742701530456543,4.105877876281738
130,chocolate,0.5,0.0005,5,2.5392048358917236,2.3877265453338623,0.13233044743537903,2.458406686782837,2.588651418685913,0.14928685128688812,3.717437267303467,3.582737922668457
130,french,0.5,0.0005,5,1.8379484415054321,1.7892305850982666,0.3884715139865875,1.9324181079864502,1.80342435836792,0.3871113657951355,4.18150520324707,3.9597713947296143
130,german,0.5,0.0005,5,2.063507556915283,1.9758539199829102,0.36390581727027893,1.8539706468582153,1.8317137956619263,0.3676055371761322,4.297738075256348,4.288200855255127
130,korean,0.5,0.0005,5,2.3057281970977783,2.2374069690704346,0.24042271077632904,2.2300381660461426,2.2933666706085205,0.24046817421913147,3.4757795333862305,3.4782605171203613
130,mandarin,0.5,0.0005,5,2.237659215927124,2.1999778747558594,0.28330081701278687,2.3444366455078125,2.2565791606903076,0.3011980354785919,3.5947265625,3.9090890884399414
130,spanish,0.5,0.0005,5,1.6441724300384521,1.6781413555145264,0.3296487331390381,1.7581415176391602,1.8982651233673096,0.3996010422706604,3.742701530456543,4.105877876281738
140,chocolate,0.5,0.0005,5,2.6339077949523926,2.513923406600952,0.15891525149345398,2.5195472240448,2.574066400527954,0.18209131062030792,3.717437267303467,3.582737922668457
140,french,0.5,0.0005,5,1.6579277515411377,1.7379692792892456,0.437807559967041,1.5043413639068604,1.7305206060409546,0.40371882915496826,4.18150520324707,3.9597713947296143
140,german,0.5,0.0005,5,1.7470786571502686,2.0967116355895996,0.3675439655780792,1.8501993417739868,1.582433819770813,0.41375061869621277,4.297738075256348,4.288200855255127
140,korean,0.5,0.0005,5,2.3062245845794678,2.0001282691955566,0.23346097767353058,2.0063159465789795,2.232311725616455,0.24127066135406494,3.4757795333862305,3.4782605171203613
140,mandarin,0.5,0.0005,5,2.1298513412475586,2.2259926795959473,0.3207118511199951,2.2265098094940186,2.1458325386047363,0.3250713050365448,3.5947265625,3.9090890884399414
140,spanish,0.5,0.0005,5,1.765859842300415,1.6742476224899292,0.4443904757499695,1.4318255186080933,1.5128167867660522,0.4084382951259613,3.742701530456543,4.105877876281738
150,chocolate,0.5,0.0005,5,2.6966769695281982,2.5183427333831787,0.2061370313167572,2.4653148651123047,2.552380323410034,0.20720599591732025,3.717437267303467,3.582737922668457
150,french,0.5,0.0005,5,1.5708534717559814,1.471316933631897,0.4546412527561188,1.3378489017486572,1.5496745109558105,0.4728453755378723,4.18150520324707,3.9597713947296143
150,german,0.5,0.0005,5,1.6511257886886597,1.8313952684402466,0.3653232157230377,1.6271557807922363,1.5550135374069214,0.49558505415916443,4.297738075256348,4.288200855255127
150,korean,0.5,0.0005,5,2.085831642150879,2.314095973968506,0.24719339609146118,2.008340835571289,1.9050955772399902,0.267149418592453,3.4757795333862305,3.4782605171203613
150,mandarin,0.5,0.0005,5,2.305717706680298,2.073124647140503,0.3198566138744354,1.8878989219665527,1.983207106590271,0.3671805262565613,3.5947265625,3.9090890884399414
150,spanish,0.5,0.0005,5,1.4672892093658447,1.43324613571167,0.40520262718200684,1.3104287385940552,1.4071134328842163,0.4573366045951843,3.742701530456543,4.105877876281738
160,chocolate,0.5,0.0005,5,2.7681853771209717,2.604599952697754,0.2824583649635315,2.5312130451202393,2.5594770908355713,0.2605721056461334,3.717437267303467,3.582737922668457
160,french,0.5,0.0005,5,1.5151976346969604,1.4996654987335205,0.4489491581916809,1.4549057483673096,1.4548627138137817,0.5414673089981079,4.18150520324707,3.9597713947296143
160,german,0.5,0.0005,5,1.540608525276184,1.6176447868347168,0.48005232214927673,1.5877329111099243,1.3959360122680664,0.5061123967170715,4.297738075256348,4.288200855255127
160,korean,0.5,0.0005,5,2.22224760055542,1.9716949462890625,0.27672630548477173,1.9221628904342651,2.1723475456237793,0.32214099168777466,3.4757795333862305,3.4782605171203613
160,mandarin,0.5,0.0005,5,1.914971113204956,1.9043569564819336,0.3492398262023926,2.0709080696105957,1.8223471641540527,0.35688745975494385,3.5947265625,3.9090890884399414
160,spanish,0.5,0.0005,5,1.4529430866241455,1.3561480045318604,0.5227549076080322,1.261538028717041,1.4567217826843262,0.5051704049110413,3.742701530456543,4.105877876281738
170,chocolate,0.5,0.0005,5,2.648021936416626,2.764275312423706,0.37947970628738403,2.607156991958618,2.584883451461792,0.3185478746891022,3.717437267303467,3.582737922668457
170,french,0.5,0.0005,5,1.3311238288879395,1.368269443511963,0.6708968877792358,1.4078346490859985,1.3189446926116943,0.6253764629364014,4.18150520324707,3.9597713947296143
170,german,0.5,0.0005,5,1.5445154905319214,1.386811375617981,0.49807557463645935,1.448133111000061,1.703953742980957,0.636754035949707,4.297738075256348,4.288200855255127
170,korean,0.5,0.0005,5,1.9605982303619385,1.894483208656311,0.3027946352958679,1.912329912185669,1.8878129720687866,0.3088228702545166,3.4757795333862305,3.4782605171203613
170,mandarin,0.5,0.0005,5,2.084604501724243,1.8804043531417847,0.39562246203422546,1.8847362995147705,1.9395393133163452,0.39111950993537903,3.5947265625,3.9090890884399414
170,spanish,0.5,0.0005,5,1.3799924850463867,1.285508394241333,0.5287119746208191,1.180245041847229,1.114409327507019,0.5914825201034546,3.742701530456543,4.105877876281738
180,chocolate,0.5,0.0005,5,2.7216644287109375,2.7595646381378174,0.5066836476325989,2.657440423965454,2.523287534713745,0.34880584478378296,3.717437267303467,3.582737922668457
180,french,0.5,0.0005,5,1.2901803255081177,1.4604638814926147,0.5824028253555298,1.2797765731811523,1.2725855112075806,0.5696311593055725,4.18150520324707,3.9597713947296143
180,german,0.5,0.0005,5,1.3838717937469482,1.4173502922058105,0.584825336933136,1.4030638933181763,1.6041136980056763,0.6873642206192017,4.297738075256348,4.288200855255127
180,korean,0.5,0.0005,5,1.7619353532791138,1.9024173021316528,0.3173912763595581,1.8058059215545654,2.175351142883301,0.32450512051582336,3.4757795333862305,3.4782605171203613
180,mandarin,0.5,0.0005,5,2.0957388877868652,1.8455164432525635,0.3999856114387512,1.8087886571884155,1.9159108400344849,0.42164620757102966,3.5947265625,3.9090890884399414
180,spanish,0.5,0.0005,5,1.1188074350357056,1.2288755178451538,0.5326955914497375,1.257826805114746,1.2654565572738647,0.6579617857933044,3.742701530456543,4.105877876281738
190,chocolate,0.5,0.0005,5,2.7790729999542236,2.777587652206421,0.6695541739463806,2.65096378326416,2.5915749073028564,0.4369446933269501,3.717437267303467,3.582737922668457
190,french,0.5,0.0005,5,1.3615857362747192,1.3496066331863403,0.6217676997184753,1.1268565654754639,1.4049010276794434,0.6597474813461304,4.18150520324707,3.9597713947296143
190,german,0.5,0.0005,5,1.5056724548339844,1.4468377828598022,0.628531277179718,1.3822745084762573,1.401162028312683,0.6641616225242615,4.297738075256348,4.288200855255127
190,korean,0.5,0.0005,5,1.9229176044464111,1.738002896308899,0.36531245708465576,1.7981266975402832,1.8937692642211914,0.3285520374774933,3.4757795333862305,3.4782605171203613
190,mandarin,0.5,0.0005,5,1.8044496774673462,1.8322030305862427,0.42190608382225037,1.8336654901504517,1.8061678409576416,0.4493029713630676,3.5947265625,3.9090890884399414
190,spanish,0.5,0.0005,5,1.0506374835968018,1.2271757125854492,0.6402468681335449,0.8796064853668213,1.0320619344711304,0.6663457155227661,3.742701530456543,4.105877876281738
200,chocolate,0.5,0.0005,5,2.816967010498047,2.8259758949279785,0.7475810647010803,2.454554319381714,2.690978527069092,0.39451712369918823,3.717437267303467,3.582737922668457
200,french,0.5,0.0005,5,1.5264333486557007,1.3260070085525513,0.6801462769508362,1.3966176509857178,1.3925033807754517,0.6600015163421631,4.18150520324707,3.9597713947296143
200,german,0.5,0.0005,5,1.363588571548462,1.429240345954895,0.6931694746017456,1.1010597944259644,1.2987498044967651,0.7430749535560608,4.297738075256348,4.288200855255127
200,korean,0.5,0.0005,5,1.9233921766281128,1.6670897006988525,0.3430616855621338,1.9198256731033325,1.8380718231201172,0.33489757776260376,3.4757795333862305,3.4782605171203613
200,mandarin,0.5,0.0005,5,1.7982187271118164,1.8369176387786865,0.4173051118850708,1.7610365152359009,1.8928115367889404,0.42871320247650146,3.5947265625,3.9090890884399414
200,spanish,0.5,0.0005,5,1.1363953351974487,1.358824610710144,0.6214101910591125,1.0942637920379639,1.1043885946273804,0.7658162117004395,3.742701530456543,4.105877876281738
210,chocolate,0.5,0.0005,5,2.8063910007476807,2.8121793270111084,0.9165505766868591,2.556516647338867,2.5461478233337402,0.3963613510131836,3.717437267303467,3.582737922668457
210,french,0.5,0.0005,5,1.4483715295791626,1.5443850755691528,0.6258097290992737,1.433350682258606,1.2167959213256836,0.7709502577781677,4.18150520324707,3.9597713947296143
210,german,0.5,0.0005,5,1.255399465560913,1.4359546899795532,0.6460773348808289,1.119416356086731,1.0185182094573975,0.8575565814971924,4.297738075256348,4.288200855255127
210,korean,0.5,0.0005,5,1.9762697219848633,1.7474133968353271,0.36723431944847107,1.9897050857543945,1.7657710313796997,0.37519368529319763,3.4757795333862305,3.4782605171203613
210,mandarin,0.5,0.0005,5,1.8426120281219482,1.8511978387832642,0.39074841141700745,1.9259542226791382,2.0971603393554688,0.4524994194507599,3.5947265625,3.9090890884399414
210,spanish,0.5,0.0005,5,1.3033641576766968,1.1347261667251587,0.6602022051811218,1.0156431198120117,1.0978072881698608,0.6352010369300842,3.742701530456543,4.105877876281738
220,chocolate,0.5,0.0005,5,2.767709970474243,2.830512762069702,0.9341838955879211,2.6222476959228516,2.4068233966827393,0.44677114486694336,3.717437267303467,3.582737922668457
220,french,0.5,0.0005,5,1.3124587535858154,1.6258370876312256,0.6750209331512451,1.2005064487457275,1.1266992092132568,0.6834173798561096,4.18150520324707,3.9597713947296143
220,german,0.5,0.0005,5,1.3022596836090088,1.3691262006759644,0.6759986281394958,1.0559349060058594,1.2236099243164062,0.8661057949066162,4.297738075256348,4.288200855255127
220,korean,0.5,0.0005,5,1.702024221420288,1.6749085187911987,0.36200717091560364,1.6869113445281982,1.7749758958816528,0.365153431892395,3.4757795333862305,3.4782605171203613
220,mandarin,0.5,0.0005,5,1.8191308975219727,2.007101058959961,0.4223228394985199,1.7625292539596558,1.9069616794586182,0.4408062696456909,3.5947265625,3.9090890884399414
220,spanish,0.5,0.0005,5,1.2070109844207764,1.1808634996414185,0.5861266255378723,0.9047195911407471,1.0587607622146606,0.7788862586021423,3.742701530456543,4.105877876281738
230,chocolate,0.5,0.0005,5,3.060290813446045,2.847388982772827,1.086432933807373,2.657371759414673,2.6234843730926514,0.4426950216293335,3.717437267303467,3.582737922668457
230,french,0.5,0.0005,5,1.382148027420044,1.3771491050720215,0.7045499682426453,1.2640783786773682,1.3285353183746338,0.6621301174163818,4.18150520324707,3.9597713947296143
230,german,0.5,0.0005,5,1.4850549697875977,1.2467410564422607,0.6765812039375305,1.0315519571304321,1.3361097574234009,0.8097429275512695,4.297738075256348,4.288200855255127
230,korean,0.5,0.0005,5,1.8406068086624146,1.7543458938598633,0.4006805419921875,1.522074580192566,1.7204374074935913,0.4047035872936249,3.4757795333862305,3.4782605171203613
230,mandarin,0.5,0.0005,5,1.7209253311157227,1.8425962924957275,0.44160857796669006,1.761508822441101,1.7667415142059326,0.5115349888801575,3.5947265625,3.9090890884399414
230,spanish,0.5,0.0005,5,0.9846614599227905,1.1360448598861694,0.704024076461792,1.0827022790908813,0.8667609691619873,0.8904470205307007,3.742701530456543,4.105877876281738
240,chocolate,0.5,0.0005,5,2.900974750518799,3.069945812225342,1.215901494026184,2.552969455718994,2.5549938678741455,0.4378426671028137,3.717437267303467,3.582737922668457
240,french,0.5,0.0005,5,1.2928657531738281,1.2410808801651,0.7998751401901245,1.3178850412368774,1.390852689743042,0.7090057134628296,4.18150520324707,3.9597713947296143
240,german,0.5,0.0005,5,1.260475516319275,1.4323121309280396,0.860075831413269,1.0312860012054443,1.210767149925232,0.8194773197174072,4.297738075256348,4.288200855255127
240,korean,0.5,0.0005,5,1.8158421516418457,1.904287338256836,0.38818299770355225,1.5928575992584229,1.7356302738189697,0.4328444004058838,3.4757795333862305,3.4782605171203613
240,mandarin,0.5,0.0005,5,1.8659515380859375,1.8458828926086426,0.45260757207870483,1.6780729293823242,1.649707317352295,0.47854694724082947,3.5947265625,3.9090890884399414
240,spanish,0.5,0.0005,5,0.9834399819374084,1.0841569900512695,0.6785115599632263,0.85848468542099,0.9371418356895447,0.7922219634056091,3.742701530456543,4.105877876281738
250,chocolate,0.5,0.0005,5,2.881106376647949,2.9195423126220703,1.019745111465454,2.457171678543091,2.525522232055664,0.45919477939605713,3.717437267303467,3.582737922668457
250,french,0.5,0.0005,5,1.3118637800216675,1.4691842794418335,0.6745181083679199,1.5421762466430664,1.237207293510437,0.7961398959159851,4.18150520324707,3.9597713947296143
250,german,0.5,0.0005,5,1.0594100952148438,1.2598639726638794,0.794297993183136,1.1077553033828735,1.0747089385986328,0.8897478580474854,4.297738075256348,4.288200855255127
250,korean,0.5,0.0005,5,1.8564379215240479,1.644111156463623,0.3845350444316864,1.8152650594711304,1.4809939861297607,0.432608038187027,3.4757795333862305,3.4782605171203613
250,mandarin,0.5,0.0005,5,1.8000359535217285,1.8033182621002197,0.4714335501194,1.5512924194335938,1.6621183156967163,0.5039622783660889,3.5947265625,3.9090890884399414
250,spanish,0.5,0.0005,5,1.129465103149414,1.2050694227218628,0.7450709939002991,1.0319795608520508,0.9513720870018005,0.8533126711845398,3.742701530456543,4.105877876281738
260,chocolate,0.5,0.0005,5,2.9332315921783447,2.872791051864624,0.9933949708938599,2.674124002456665,2.5289342403411865,0.4809741973876953,3.717437267303467,3.582737922668457
260,french,0.5,0.0005,5,1.3789392709732056,1.5133975744247437,0.8018797039985657,1.3234931230545044,1.5073363780975342,0.7131407260894775,4.18150520324707,3.9597713947296143
260,german,0.5,0.0005,5,1.2737188339233398,1.2513967752456665,0.7435253262519836,1.059948444366455,1.067395567893982,0.980985701084137,4.297738075256348,4.288200855255127
260,korean,0.5,0.0005,5,1.737657904624939,1.577641487121582,0.37278884649276733,1.7932802438735962,1.6220628023147583,0.41567036509513855,3.4757795333862305,3.4782605171203613
260,mandarin,0.5,0.0005,5,2.0001344680786133,1.625821590423584,0.4390439987182617,1.6447441577911377,1.6293690204620361,0.5182140469551086,3.5947265625,3.9090890884399414
260,spanish,0.5,0.0005,5,1.1766637563705444,1.2014472484588623,0.7189952731132507,0.9174894094467163,0.8284792304039001,0.8723899126052856,3.742701530456543,4.105877876281738
270,chocolate,0.5,0.0005,5,2.862797498703003,2.866950511932373,1.1083372831344604,2.592221975326538,2.7231316566467285,0.5108027458190918,3.717437267303467,3.582737922668457
270,french,0.5,0.0005,5,1.331173062324524,1.4977457523345947,0.6866833567619324,1.3833014965057373,1.471657395362854,0.7791111469268799,4.18150520324707,3.9597713947296143
270,german,0.5,0.0005,5,1.2890186309814453,1.387862205505371,0.7888646721839905,1.2849125862121582,1.0919846296310425,0.843787431716919,4.297738075256348,4.288200855255127
270,korean,0.5,0.0005,5,1.6579581499099731,1.8369176387786865,0.39224156737327576,1.6447653770446777,1.876313328742981,0.44901204109191895,3.4757795333862305,3.4782605171203613
270,mandarin,0.5,0.0005,5,1.8499186038970947,1.8436203002929688,0.471109539270401,1.8792628049850464,1.504206895828247,0.5592443943023682,3.5947265625,3.9090890884399414
270,spanish,0.5,0.0005,5,1.3130406141281128,1.333090901374817,0.6921957731246948,0.9103177785873413,1.0512429475784302,0.7934097647666931,3.742701530456543,4.105877876281738
280,chocolate,0.5,0.0005,5,2.7576262950897217,2.9539153575897217,1.0594292879104614,2.5561623573303223,2.5779471397399902,0.49819082021713257,3.717437267303467,3.582737922668457
280,french,0.5,0.0005,5,1.4535857439041138,1.50553297996521,0.7367218136787415,1.3071322441101074,1.5501680374145508,0.791477620601654,4.18150520324707,3.9597713947296143
280,german,0.5,0.0005,5,1.565474510192871,1.2763084173202515,0.7956198453903198,1.0957283973693848,1.0282654762268066,0.8530983924865723,4.297738075256348,4.288200855255127
280,korean,0.5,0.0005,5,1.7804172039031982,1.6380380392074585,0.41644227504730225,1.249218463897705,1.511905550956726,0.4918927252292633,3.4757795333862305,3.4782605171203613
280,mandarin,0.5,0.0005,5,1.545122742652893,1.8100203275680542,0.5234141945838928,1.5018115043640137,1.725565791130066,0.5509505867958069,3.5947265625,3.9090890884399414
280,spanish,0.5,0.0005,5,1.2101062536239624,1.0563850402832031,0.7082418203353882,0.8714882731437683,1.0594698190689087,0.9324557781219482,3.742701530456543,4.105877876281738
290,chocolate,0.5,0.0005,5,2.7523393630981445,2.9546825885772705,0.9817895889282227,2.455179452896118,2.52327561378479,0.5274759531021118,3.717437267303467,3.582737922668457
290,french,0.5,0.0005,5,1.5331372022628784,1.4134654998779297,0.7460741996765137,1.2793679237365723,1.1542596817016602,0.7625179886817932,4.18150520324707,3.9597713947296143
290,german,0.5,0.0005,5,1.4466397762298584,1.4351415634155273,0.7649415135383606,0.9464816451072693,1.093755841255188,0.8893815279006958,4.297738075256348,4.288200855255127
290,korean,0.5,0.0005,5,1.7502946853637695,1.8608994483947754,0.40105047821998596,1.6560627222061157,1.5122859477996826,0.4699810743331909,3.4757795333862305,3.4782605171203613
290,mandarin,0.5,0.0005,5,1.717113733291626,1.5698176622390747,0.441996306180954,1.3263678550720215,1.726085901260376,0.5779362916946411,3.5947265625,3.9090890884399414
290,spanish,0.5,0.0005,5,1.1112515926361084,1.1682862043380737,0.6843416094779968,1.027026653289795,0.8878837823867798,0.850551962852478,3.742701530456543,4.105877876281738
300,chocolate,0.5,0.0005,5,2.8688108921051025,2.963324546813965,0.9779441952705383,2.584226608276367,2.587628126144409,0.47495174407958984,3.717437267303467,3.582737922668457
300,french,0.5,0.0005,5,1.5389894247055054,1.3105134963989258,0.7371790409088135,1.3849198818206787,1.2231957912445068,0.7635118365287781,4.18150520324707,3.9597713947296143
300,german,0.5,0.0005,5,1.3280214071273804,1.274983525276184,0.6752102375030518,1.0772343873977661,1.1671159267425537,0.9147313833236694,4.297738075256348,4.288200855255127
300,korean,0.5,0.0005,5,1.6532044410705566,1.6459529399871826,0.40931934118270874,1.8656734228134155,1.6707128286361694,0.42433369159698486,3.4757795333862305,3.4782605171203613
300,mandarin,0.5,0.0005,5,1.8251067399978638,1.7046149969100952,0.4446358382701874,1.5173439979553223,1.51419198513031,0.5722400546073914,3.5947265625,3.9090890884399414
300,spanish,0.5,0.0005,5,1.0475503206253052,1.2765713930130005,0.6700101494789124,0.9068121314048767,0.900978684425354,0.7979828119277954,3.742701530456543,4.105877876281738
310,chocolate,0.5,0.0005,5,2.9454121589660645,2.7824366092681885,0.9179348945617676,2.5397632122039795,2.6117477416992188,0.4246518313884735,3.717437267303467,3.582737922668457
310,french,0.5,0.0005,5,1.3665999174118042,1.6201865673065186,0.696868360042572,1.3807035684585571,1.3146218061447144,0.6332691311836243,4.18150520324707,3.9597713947296143
310,german,0.5,0.0005,5,1.2491847276687622,1.4691767692565918,0.7199006676673889,0.9568532109260559,1.0245802402496338,0.8857089281082153,4.297738075256348,4.288200855255127
310,korean,0.5,0.0005,5,1.7274680137634277,1.6300734281539917,0.3810575604438782,1.5631669759750366,1.708602786064148,0.45690643787384033,3.4757795333862305,3.4782605171203613
310,mandarin,0.5,0.0005,5,1.7596445083618164,1.834999442100525,0.43241673707962036,1.5733163356781006,1.5739556550979614,0.5018609762191772,3.5947265625,3.9090890884399414
310,spanish,0.5,0.0005,5,1.1588889360427856,1.1760056018829346,0.676568329334259,0.8329310417175293,0.8007829189300537,0.8323498964309692,3.742701530456543,4.105877876281738
320,chocolate,0.5,0.0005,5,2.7721660137176514,2.7322938442230225,0.8538418412208557,2.6792871952056885,2.405393123626709,0.45718634128570557,3.717437267303467,3.582737922668457
320,french,0.5,0.0005,5,1.3735226392745972,1.3860913515090942,0.7152085304260254,1.4612430334091187,1.4123880863189697,0.8003169894218445,4.18150520324707,3.9597713947296143
320,german,0.5,0.0005,5,1.1985777616500854,1.383547306060791,0.7009900212287903,1.0214124917984009,1.090620756149292,0.8418214917182922,4.297738075256348,4.288200855255127
320,korean,0.5,0.0005,5,1.7917002439498901,1.7096424102783203,0.394403338432312,1.5467313528060913,1.6591278314590454,0.36645910143852234,3.4757795333862305,3.4782605171203613
320,mandarin,0.5,0.0005,5,1.673265814781189,1.9218677282333374,0.4528985321521759,1.4901645183563232,1.4143872261047363,0.5893228650093079,3.5947265625,3.9090890884399414
320,spanish,0.5,0.0005,5,1.2175633907318115,1.2665674686431885,0.7125850915908813,0.8330975770950317,0.9394537806510925,0.8219119310379028,3.742701530456543,4.105877876281738
330,chocolate,0.5,0.0005,5,2.729508876800537,2.981963634490967,0.9518774151802063,2.436864137649536,2.435789108276367,0.4034353494644165,3.717437267303467,3.582737922668457
330,french,0.5,0.0005,5,1.5036498308181763,1.3933886289596558,0.6742132306098938,1.5164639949798584,1.3413238525390625,0.6990087628364563,4.18150520324707,3.9597713947296143
330,german,0.5,0.0005,5,1.0803117752075195,1.505277156829834,0.6951841115951538,0.9458869099617004,0.9888589382171631,0.8991867303848267,4.297738075256348,4.288200855255127
330,korean,0.5,0.0005,5,1.668562412261963,1.7879964113235474,0.3714839816093445,1.5649186372756958,1.6639553308486938,0.4123106002807617,3.4757795333862305,3.4782605171203613
330,mandarin,0.5,0.0005,5,1.7308087348937988,1.5580850839614868,0.44825732707977295,1.6117035150527954,1.5811169147491455,0.5036699771881104,3.5947265625,3.9090890884399414
330,spanish,0.5,0.0005,5,1.1030019521713257,1.291800618171692,0.676362156867981,0.9073556065559387,0.9495633840560913,0.8469940423965454,3.742701530456543,4.105877876281738
340,chocolate,0.5,0.0005,5,2.6409199237823486,2.8913440704345703,0.8276468515396118,2.627739667892456,2.523421287536621,0.4465424120426178,3.717437267303467,3.582737922668457
340,french,0.5,0.0005,5,1.6024110317230225,1.5435329675674438,0.6418472528457642,1.508816123008728,1.1198011636734009,0.7381239533424377,4.18150520324707,3.9597713947296143
340,german,0.5,0.0005,5,1.4043389558792114,1.3240772485733032,0.7923381924629211,1.0597777366638184,1.2057275772094727,0.8878412246704102,4.297738075256348,4.288200855255127
340,korean,0.5,0.0005,5,1.6250211000442505,1.728730320930481,0.3861083984375,1.5357780456542969,1.6127241849899292,0.45901209115982056,3.4757795333862305,3.4782605171203613
340,mandarin,0.5,0.0005,5,1.7287267446517944,1.7188454866409302,0.45761343836784363,1.6345655918121338,1.578532099723816,0.523219883441925,3.5947265625,3.9090890884399414
340,spanish,0.5,0.0005,5,1.0084527730941772,1.2176917791366577,0.7091474533081055,0.8503196835517883,0.9722448587417603,0.8058223128318787,3.742701530456543,4.105877876281738
350,chocolate,0.5,0.0005,5,2.734225034713745,2.7634878158569336,0.8051503896713257,2.6148109436035156,2.7501230239868164,0.5102517604827881,3.717437267303467,3.582737922668457
350,french,0.5,0.0005,5,1.5756120681762695,1.5371845960617065,0.6777628064155579,1.4280500411987305,1.393481969833374,0.754153311252594,4.18150520324707,3.9597713947296143
350,german,0.5,0.0005,5,1.2706434726715088,1.416250467300415,0.814764142036438,1.0706504583358765,0.9504185914993286,0.9518325924873352,4.297738075256348,4.288200855255127
350,korean,0.5,0.0005,5,1.525160551071167,1.598117709159851,0.429043710231781,1.5305105447769165,1.6434510946273804,0.4782414138317108,3.4757795333862305,3.4782605171203613
350,mandarin,0.5,0.0005,5,1.8176941871643066,1.7455472946166992,0.42136242985725403,1.4872620105743408,1.5232373476028442,0.5051335692405701,3.5947265625,3.9090890884399414
350,spanish,0.5,0.0005,5,1.1759308576583862,1.1438798904418945,0.768510103225708,1.0523490905761719,0.836164116859436,0.7719854712486267,3.742701530456543,4.105877876281738
360,chocolate,0.5,0.0005,5,2.914083242416382,2.7254478931427,0.8403276205062866,2.525691270828247,2.5674190521240234,0.47836819291114807,3.717437267303467,3.582737922668457
360,french,0.5,0.0005,5,1.5535379648208618,1.5951131582260132,0.6643121242523193,1.282212495803833,1.3225390911102295,0.8501423597335815,4.18150520324707,3.9597713947296143
360,german,0.5,0.0005,5,1.2470051050186157,1.2770789861679077,0.720354437828064,0.9809824824333191,1.1190112829208374,0.7247355580329895,4.297738075256348,4.288200855255127
360,korean,0.5,0.0005,5,1.8036409616470337,1.7398180961608887,0.36692139506340027,1.6873064041137695,1.532626986503601,0.4988844096660614,3.4757795333862305,3.4782605171203613
360,mandarin,0.5,0.0005,5,1.8444359302520752,1.624819278717041,0.4708670973777771,1.5490719079971313,1.3961323499679565,0.5556248426437378,3.5947265625,3.9090890884399414
360,spanish,0.5,0.0005,5,1.1116724014282227,1.211925745010376,0.7266963720321655,0.919589638710022,0.8722761273384094,0.7535240650177002,3.742701530456543,4.105877876281738
370,chocolate,0.5,0.0005,5,2.7046732902526855,2.6439366340637207,0.8757929801940918,2.439425230026245,2.721475601196289,0.4868367910385132,3.717437267303467,3.582737922668457
370,french,0.5,0.0005,5,1.477906584739685,1.5227506160736084,0.6918380260467529,1.424565315246582,1.447409987449646,0.7499681711196899,4.18150520324707,3.9597713947296143
370,german,0.5,0.0005,5,1.2121577262878418,1.1587631702423096,0.6768092513084412,1.0977153778076172,0.8821962475776672,0.8311450481414795,4.297738075256348,4.288200855255127
370,korean,0.5,0.0005,5,1.6023132801055908,1.6901049613952637,0.36334604024887085,1.589746117591858,1.7517815828323364,0.4507106840610504,3.4757795333862305,3.4782605171203613
370,mandarin,0.5,0.0005,5,1.856872797012329,1.7421597242355347,0.4759269952774048,1.6170958280563354,1.5793817043304443,0.5555620193481445,3.5947265625,3.9090890884399414
370,spanish,0.5,0.0005,5,1.2399598360061646,1.1783572435379028,0.6713182330131531,0.8759287595748901,0.9101940989494324,0.8819353580474854,3.742701530456543,4.105877876281738
380,chocolate,0.5,0.0005,5,2.7370657920837402,2.6514892578125,0.829495370388031,2.679450273513794,2.5887460708618164,0.5140824317932129,3.717437267303467,3.582737922668457
380,french,0.5,0.0005,5,1.3892720937728882,1.5070204734802246,0.6960870027542114,1.2275176048278809,1.1502463817596436,0.6995341181755066,4.18150520324707,3.9597713947296143
380,german,0.5,0.0005,5,1.5970014333724976,1.2753679752349854,0.6957699060440063,1.1068084239959717,0.9950258135795593,0.9290246963500977,4.297738075256348,4.288200855255127
380,korean,0.5,0.0005,5,1.5418131351470947,1.7054331302642822,0.4074518084526062,1.5357950925827026,1.6631547212600708,0.48203232884407043,3.4757795333862305,3.4782605171203613
380,mandarin,0.5,0.0005,5,1.7417502403259277,1.77736496925354,0.4377521276473999,1.4006041288375854,1.4988099336624146,0.5544095635414124,3.5947265625,3.9090890884399414
380,spanish,0.5,0.0005,5,1.0488049983978271,1.097651720046997,0.7217159867286682,0.7107260823249817,0.922851026058197,0.8804715871810913,3.742701530456543,4.105877876281738
390,chocolate,0.5,0.0005,5,2.7381107807159424,2.7730393409729004,0.8761183619499207,2.586982488632202,2.547063112258911,0.48918798565864563,3.717437267303467,3.582737922668457
390,french,0.5,0.0005,5,1.4831598997116089,1.3507293462753296,0.7115390300750732,1.3453856706619263,1.1542187929153442,0.8509518504142761,4.18150520324707,3.9597713947296143
390,german,0.5,0.0005,5,1.3410505056381226,1.2715736627578735,0.7071837186813354,0.8998931646347046,1.0101364850997925,0.809313952922821,4.297738075256348,4.288200855255127
390,korean,0.5,0.0005,5,1.6009867191314697,1.6927201747894287,0.3515455722808838,1.4102928638458252,1.600833535194397,0.47394636273384094,3.4757795333862305,3.4782605171203613
390,mandarin,0.5,0.0005,5,1.6953403949737549,1.7162666320800781,0.4510963559150696,1.591467022895813,1.6681978702545166,0.5837216973304749,3.5947265625,3.9090890884399414
390,spanish,0.5,0.0005,5,1.1130958795547485,1.0635911226272583,0.8370200395584106,0.9102998971939087,0.8461099863052368,0.8728036880493164,3.742701530456543,4.105877876281738
400,chocolate,0.5,0.0005,5,2.727116823196411,2.5925164222717285,0.8628864884376526,2.441880941390991,2.5657949447631836,0.4464927017688751,3.717437267303467,3.582737922668457
400,french,0.5,0.0005,5,1.566001296043396,1.2698087692260742,0.7016339898109436,1.3231761455535889,1.3281563520431519,0.7562345266342163,4.18150520324707,3.9597713947296143
400,german,0.5,0.0005,5,1.3994742631912231,1.324083924293518,0.6712961196899414,0.9911060929298401,1.0195103883743286,0.7895385026931763,4.297738075256348,4.288200855255127
400,korean,0.5,0.0005,5,1.737119436264038,1.5723414421081543,0.3820672035217285,1.399340033531189,1.3346937894821167,0.39610180258750916,3.4757795333862305,3.4782605171203613
400,mandarin,0.5,0.0005,5,1.8216822147369385,1.6449171304702759,0.4360881447792053,1.459989309310913,1.3920658826828003,0.595413327217102,3.5947265625,3.9090890884399414
400,spanish,0.5,0.0005,5,0.9733837246894836,1.2569856643676758,0.6784933805465698,0.8918440341949463,0.9318575859069824,0.8972541093826294,3.742701530456543,4.105877876281738
410,chocolate,0.5,0.0005,5,2.606302261352539,2.7068839073181152,0.8425617814064026,2.591632127761841,2.518423557281494,0.41430357098579407,3.717437267303467,3.582737922668457
410,french,0.5,0.0005,5,1.369727373123169,1.4305754899978638,0.7945935130119324,1.2742313146591187,1.2208548784255981,0.8035107254981995,4.18150520324707,3.9597713947296143
410,german,0.5,0.0005,5,1.2615280151367188,1.4378533363342285,0.6479952931404114,1.0477181673049927,1.1298655271530151,0.8164840936660767,4.297738075256348,4.288200855255127
410,korean,0.5,0.0005,5,1.7133628129959106,1.8574042320251465,0.37157100439071655,1.5181013345718384,1.694340467453003,0.4344945251941681,3.4757795333862305,3.4782605171203613
410,mandarin,0.5,0.0005,5,1.757087230682373,1.7081265449523926,0.4417162239551544,1.5712271928787231,1.4206303358078003,0.5984505414962769,3.5947265625,3.9090890884399414
410,spanish,0.5,0.0005,5,1.0192937850952148,1.163712739944458,0.6295608282089233,0.8460280895233154,0.8739239573478699,0.8424966335296631,3.742701530456543,4.105877876281738
420,chocolate,0.5,0.0005,5,2.71480393409729,2.6419241428375244,0.762579619884491,2.449096202850342,2.57008957862854,0.5220315456390381,3.717437267303467,3.582737922668457
420,french,0.5,0.0005,5,1.5007133483886719,1.305565595626831,0.6164408326148987,1.4311100244522095,1.3477824926376343,0.6924981474876404,4.18150520324707,3.9597713947296143
420,german,0.5,0.0005,5,1.3858513832092285,1.3363430500030518,0.6586088538169861,1.0403143167495728,0.8157057166099548,0.8313595652580261,4.297738075256348,4.288200855255127
420,korean,0.5,0.0005,5,1.5922126770019531,1.5803873538970947,0.329227089881897,1.591768741607666,1.6892541646957397,0.4534008502960205,3.4757795333862305,3.4782605171203613
420,mandarin,0.5,0.0005,5,1.631994366645813,1.721657633781433,0.3883765935897827,1.6416599750518799,1.7336164712905884,0.5870109796524048,3.5947265625,3.9090890884399414
420,spanish,0.5,0.0005,5,1.145997166633606,0.9095725417137146,0.7129251956939697,0.7834645509719849,1.0192911624908447,0.7670395970344543,3.742701530456543,4.105877876281738
430,chocolate,0.5,0.0005,5,2.673529624938965,2.700409412384033,0.6909664273262024,2.576882839202881,2.3168487548828125,0.40093719959259033,3.717437267303467,3.582737922668457
430,french,0.5,0.0005,5,1.307468056678772,1.387974500656128,0.7240749597549438,1.4198029041290283,1.4628669023513794,0.7245036363601685,4.18150520324707,3.9597713947296143
430,german,0.5,0.0005,5,1.3653638362884521,1.2985543012619019,0.6518518328666687,0.9014005064964294,1.1627297401428223,0.8926939368247986,4.297738075256348,4.288200855255127
430,korean,0.5,0.0005,5,1.4983747005462646,1.6435149908065796,0.3518165647983551,1.5918527841567993,1.6740132570266724,0.4446757137775421,3.4757795333862305,3.4782605171203613
430,mandarin,0.5,0.0005,5,1.841434121131897,1.8788360357284546,0.45579519867897034,1.4947664737701416,1.4737133979797363,0.48183363676071167,3.5947265625,3.9090890884399414
430,spanish,0.5,0.0005,5,0.9787567257881165,0.8804892301559448,0.7489725351333618,0.9315466284751892,0.7783205509185791,0.909382164478302,3.742701530456543,4.105877876281738
440,chocolate,0.5,0.0005,5,2.820997714996338,2.5211029052734375,0.7807184457778931,2.580436944961548,2.505697250366211,0.4508132338523865,3.717437267303467,3.582737922668457
440,french,0.5,0.0005,5,1.5319256782531738,1.6285589933395386,0.7286924123764038,1.3988829851150513,1.3612931966781616,0.7262882590293884,4.18150520324707,3.9597713947296143
440,german,0.5,0.0005,5,1.3565599918365479,1.4176888465881348,0.6161773204803467,1.1463645696640015,1.1398546695709229,0.8520810604095459,4.297738075256348,4.288200855255127
440,korean,0.5,0.0005,5,1.5771158933639526,1.8539001941680908,0.3255522847175598,1.4038695096969604,1.5530269145965576,0.43300795555114746,3.4757795333862305,3.4782605171203613
440,mandarin,0.5,0.0005,5,1.8905525207519531,1.6431149244308472,0.4002918601036072,1.5518059730529785,1.6127642393112183,0.525641143321991,3.5947265625,3.9090890884399414
440,spanish,0.5,0.0005,5,0.9302531480789185,1.1009141206741333,0.6170434951782227,0.9401469826698303,0.9913208484649658,0.8232421875,3.742701530456543,4.105877876281738
450,chocolate,0.5,0.0005,5,2.7112066745758057,2.7589452266693115,0.6822982430458069,2.7477500438690186,2.540637493133545,0.3997645974159241,3.717437267303467,3.582737922668457
450,french,0.5,0.0005,5,1.4492998123168945,1.596635341644287,0.6339643001556396,1.2943035364151,1.3578829765319824,0.7126126885414124,4.18150520324707,3.9597713947296143
450,german,0.5,0.0005,5,1.3246276378631592,1.274064302444458,0.6599923968315125,0.981164276599884,0.9859963059425354,0.8374528884887695,4.297738075256348,4.288200855255127
450,korean,0.5,0.0005,5,1.674008846282959,1.6685582399368286,0.3113376796245575,1.6103005409240723,1.5994640588760376,0.4544871151447296,3.4757795333862305,3.4782605171203613
450,mandarin,0.5,0.0005,5,1.8524330854415894,1.7816604375839233,0.44515612721443176,1.6477054357528687,1.4332491159439087,0.5331132411956787,3.5947265625,3.9090890884399414
450,spanish,0.5,0.0005,5,0.9984678626060486,1.0699031352996826,0.6499350666999817,0.9578339457511902,0.901052713394165,0.8975377082824707,3.742701530456543,4.105877876281738
460,chocolate,0.5,0.0005,5,2.4696903228759766,2.596217155456543,0.659432053565979,2.5615601539611816,2.632303237915039,0.43043574690818787,3.717437267303467,3.582737922668457
460,french,0.5,0.0005,5,1.578371286392212,1.3876091241836548,0.6697309613227844,1.3357731103897095,1.49525785446167,0.6767655611038208,4.18150520324707,3.9597713947296143
460,german,0.5,0.0005,5,1.3412498235702515,1.2945846319198608,0.7142437696456909,0.885435938835144,0.6906100511550903,0.8624563217163086,4.297738075256348,4.288200855255127
460,korean,0.5,0.0005,5,1.7125085592269897,1.7131494283676147,0.39762187004089355,1.5341068506240845,1.4426950216293335,0.4872872233390808,3.4757795333862305,3.4782605171203613
460,mandarin,0.5,0.0005,5,1.6499762535095215,1.702087163925171,0.43495333194732666,1.4878554344177246,1.5162763595581055,0.5374854803085327,3.5947265625,3.9090890884399414
460,spanish,0.5,0.0005,5,1.1574394702911377,0.9319542646408081,0.7064415812492371,0.827296257019043,0.8578431606292725,0.9085574746131897,3.742701530456543,4.105877876281738
470,chocolate,0.5,0.0005,5,2.741422653198242,2.4204185009002686,0.5718348622322083,2.6801624298095703,2.4590415954589844,0.45730939507484436,3.717437267303467,3.582737922668457
470,french,0.5,0.0005,5,1.3853099346160889,1.5013526678085327,0.6045586466789246,1.334065318107605,1.5555146932601929,0.6537666916847229,4.18150520324707,3.9597713947296143
470,german,0.5,0.0005,5,1.3684306144714355,1.419097900390625,0.6943508982658386,1.0133509635925293,0.9136035442352295,0.8112354278564453,4.297738075256348,4.288200855255127
470,korean,0.5,0.0005,5,1.7150331735610962,1.8051953315734863,0.37713417410850525,1.454724669456482,1.6169253587722778,0.49343574047088623,3.4757795333862305,3.4782605171203613
470,mandarin,0.5,0.0005,5,1.5749624967575073,1.6815106868743896,0.42637649178504944,1.5924296379089355,1.4167416095733643,0.6214874982833862,3.5947265625,3.9090890884399414
470,spanish,0.5,0.0005,5,1.1401110887527466,1.056454062461853,0.7038175463676453,0.7881975769996643,0.9375408291816711,0.8965297341346741,3.742701530456543,4.105877876281738
480,chocolate,0.5,0.0005,5,2.5569846630096436,2.467874050140381,0.5688849687576294,2.3953561782836914,2.5934760570526123,0.4827839136123657,3.717437267303467,3.582737922668457
480,french,0.5,0.0005,5,1.2472115755081177,1.4054924249649048,0.687027633190155,1.248578667640686,1.45452880859375,0.6429912447929382,4.18150520324707,3.9597713947296143
480,german,0.5,0.0005,5,1.333796739578247,1.400517463684082,0.6269463300704956,0.9193543195724487,0.7528029084205627,0.9910871386528015,4.297738075256348,4.288200855255127
480,korean,0.5,0.0005,5,1.5800180435180664,1.721751093864441,0.3637472689151764,1.47113037109375,1.4506429433822632,0.49318626523017883,3.4757795333862305,3.4782605171203613
480,mandarin,0.5,0.0005,5,1.7666728496551514,1.8195552825927734,0.4548666179180145,1.7110848426818848,1.412839412689209,0.5853655338287354,3.5947265625,3.9090890884399414
480,spanish,0.5,0.0005,5,1.101494550704956,1.0926132202148438,0.7122141718864441,0.9037469029426575,0.911536693572998,0.7892162799835205,3.742701530456543,4.105877876281738
490,chocolate,0.5,0.0005,5,2.594912528991699,2.8422725200653076,0.545239269733429,2.3678154945373535,2.4743573665618896,0.41115403175354004,3.717437267303467,3.582737922668457
490,french,0.5,0.0005,5,1.4351378679275513,1.4592492580413818,0.6681756377220154,1.290130615234375,1.201848030090332,0.7102892398834229,4.18150520324707,3.9597713947296143
490,german,0.5,0.0005,5,1.3889193534851074,1.37346613407135,0.6981894373893738,0.797109842300415,0.9922476410865784,0.776142954826355,4.297738075256348,4.288200855255127
490,korean,0.5,0.0005,5,1.7821118831634521,1.740698218345642,0.33237341046333313,1.6706000566482544,1.5362980365753174,0.4497040808200836,3.4757795333862305,3.4782605171203613
490,mandarin,0.5,0.0005,5,1.8085373640060425,1.7161682844161987,0.4405969977378845,1.3882839679718018,1.63987398147583,0.6216778755187988,3.5947265625,3.9090890884399414
490,spanish,0.5,0.0005,5,1.0061136484146118,1.1388996839523315,0.6302660703659058,0.858250081539154,0.9205067753791809,0.7385973930358887,3.742701530456543,4.105877876281738
499,chocolate,0.5,0.0005,5,2.646413564682007,2.5681679248809814,0.5458230376243591,2.446059465408325,2.409601926803589,0.4089243412017822,3.717437267303467,3.582737922668457
499,french,0.5,0.0005,5,1.5067068338394165,1.5715233087539673,0.6512330174446106,1.204834222793579,1.4342503547668457,0.6709389090538025,4.18150520324707,3.9597713947296143
499,german,0.5,0.0005,5,1.3191969394683838,1.3361997604370117,0.5997195839881897,1.1209315061569214,0.9514874815940857,0.8054158687591553,4.297738075256348,4.288200855255127
499,korean,0.5,0.0005,5,1.7003589868545532,1.5870908498764038,0.3758949637413025,1.4967230558395386,1.686324119567871,0.4031306505203247,3.4757795333862305,3.4782605171203613
499,mandarin,0.5,0.0005,5,1.6571550369262695,2.045792818069458,0.42108502984046936,1.537318229675293,1.305555820465088,0.6325648427009583,3.5947265625,3.9090890884399414
499,spanish,0.5,0.0005,5,1.0062397718429565,1.1428242921829224,0.7810552716255188,0.8866817951202393,0.6953331232070923,0.908168375492096,3.742701530456543,4.105877876281738
