step,label,loss
0,base,2.9525158405303955
1,base,2.917080879211426
2,base,2.685513496398926
3,base,2.393681526184082
4,base,2.285733222961426
5,base,2.075988531112671
6,base,1.8963127136230469
7,base,1.7421753406524658
8,base,1.5894216299057007
9,base,1.5617008209228516
10,base,1.5207456350326538
11,base,1.4891774654388428
12,base,1.3526023626327515
13,base,1.3755238056182861
14,base,1.3627732992172241
15,base,1.2572273015975952
16,base,1.236037254333496
17,base,1.201469898223877
18,base,1.1800036430358887
19,base,1.170682668685913
20,base,0.99775630235672
21,base,0.9806024432182312
22,base,0.9293091297149658
23,base,0.8782563209533691
24,base,0.851527988910675
25,base,0.8534336090087891
26,base,0.747821033000946
27,base,0.6314783096313477
28,base,0.702116072177887
29,base,0.6114947199821472
30,base,0.6683378219604492
31,base,0.7410790324211121
32,base,0.601439893245697
33,base,0.647800862789154
34,base,0.7085084319114685
35,base,0.6807587146759033
36,base,0.7502248883247375
37,base,0.7224985957145691
38,base,0.7099692821502686
39,base,0.6981148719787598
40,base,0.538264811038971
41,base,0.6143110394477844
42,base,0.5995952486991882
43,base,0.6448731422424316
44,base,0.6261497139930725
45,base,0.6591429114341736
46,base,0.6099748015403748
47,base,0.6441598534584045
48,base,0.6459673643112183
49,base,0.598328173160553
50,base,0.658736526966095
51,base,0.5304070711135864
52,base,0.6741718053817749
53,base,0.537763774394989
54,base,0.5036025047302246
55,base,0.6685028076171875
56,base,0.5054707527160645
57,base,0.4593271315097809
58,base,0.5690825581550598
59,base,0.5698039531707764
60,base,0.549159586429596
61,base,0.5379568338394165
62,base,0.5176225304603577
63,base,0.48985809087753296
64,base,0.676444947719574
65,base,0.5729079842567444
66,base,0.560112476348877
67,base,0.5224637985229492
68,base,0.5218174457550049
69,base,0.4082365930080414
70,base,0.583794355392456
71,base,0.5610851049423218
72,base,0.46941742300987244
73,base,0.4750231206417084
74,base,0.5513055324554443
75,base,0.5649800896644592
76,base,0.5403516888618469
77,base,0.5073687434196472
78,base,0.5238443613052368
79,base,0.5530385971069336
80,base,0.495609313249588
81,base,0.45566245913505554
82,base,0.5470967888832092
83,base,0.4438976049423218
84,base,0.4995146691799164
85,base,0.5278408527374268
86,base,0.48379945755004883
87,base,0.5064131021499634
88,base,0.5016449093818665
89,base,0.5394997000694275
90,base,0.5215266346931458
91,base,0.487179160118103
92,base,0.5099915266036987
93,base,0.4050169885158539
94,base,0.4344722032546997
95,base,0.5332739949226379
96,base,0.4198099672794342
97,base,0.5482902526855469
98,base,0.4473065137863159
99,base,0.4939849078655243
100,base,0.5467098951339722
0,maml_k5,11.741462707519531
1,maml_k5,9.931020736694336
2,maml_k5,8.50490665435791
3,maml_k5,7.553819179534912
4,maml_k5,7.0817437171936035
5,maml_k5,6.111522674560547
6,maml_k5,5.130014419555664
7,maml_k5,4.67795467376709
8,maml_k5,4.206389427185059
9,maml_k5,3.674050807952881
10,maml_k5,3.412583112716675
11,maml_k5,3.009129762649536
12,maml_k5,2.6613731384277344
13,maml_k5,2.339169502258301
14,maml_k5,2.0549535751342773
15,maml_k5,2.0029613971710205
16,maml_k5,1.797013759613037
17,maml_k5,1.798791527748108
18,maml_k5,1.6286544799804688
19,maml_k5,1.6352535486221313
20,maml_k5,1.514052152633667
21,maml_k5,1.382492184638977
22,maml_k5,1.4014309644699097
23,maml_k5,1.3221029043197632
24,maml_k5,1.317621111869812
25,maml_k5,1.2130721807479858
26,maml_k5,1.1782225370407104
27,maml_k5,1.2493358850479126
28,maml_k5,1.1350955963134766
29,maml_k5,1.124016523361206
30,maml_k5,1.0504316091537476
31,maml_k5,1.0630799531936646
32,maml_k5,0.967718780040741
33,maml_k5,0.849129855632782
34,maml_k5,0.8429930210113525
35,maml_k5,0.7739848494529724
36,maml_k5,0.8839690685272217
37,maml_k5,0.7110514044761658
38,maml_k5,0.7793537378311157
39,maml_k5,0.7704835534095764
40,maml_k5,0.7174340486526489
41,maml_k5,0.7215325236320496
42,maml_k5,0.6516185402870178
43,maml_k5,0.7327483296394348
44,maml_k5,0.6244953274726868
45,maml_k5,0.5781883597373962
46,maml_k5,0.6482011079788208
47,maml_k5,0.6207051873207092
48,maml_k5,0.6827369928359985
49,maml_k5,0.5988073348999023
50,maml_k5,0.5719143748283386
51,maml_k5,0.6280460953712463
52,maml_k5,0.6545566916465759
53,maml_k5,0.6884180307388306
54,maml_k5,0.6579821705818176
55,maml_k5,0.5080865025520325
56,maml_k5,0.753936231136322
57,maml_k5,0.6019707322120667
58,maml_k5,0.6702097654342651
59,maml_k5,0.5940038561820984
60,maml_k5,0.5894665122032166
61,maml_k5,0.5595016479492188
62,maml_k5,0.5753416419029236
63,maml_k5,0.6396449208259583
64,maml_k5,0.6797701120376587
65,maml_k5,0.5931137800216675
66,maml_k5,0.5676022171974182
67,maml_k5,0.6176201105117798
68,maml_k5,0.5283382534980774
69,maml_k5,0.6053918600082397
70,maml_k5,0.5072956085205078
71,maml_k5,0.5217982530593872
72,maml_k5,0.5729277729988098
73,maml_k5,0.6017928123474121
74,maml_k5,0.5558937191963196
75,maml_k5,0.7152636051177979
76,maml_k5,0.5971280336380005
77,maml_k5,0.5091749429702759
78,maml_k5,0.5028173327445984
79,maml_k5,0.4751812517642975
80,maml_k5,0.48777562379837036
81,maml_k5,0.5595664381980896
82,maml_k5,0.47739630937576294
83,maml_k5,0.4934299886226654
84,maml_k5,0.5181227922439575
85,maml_k5,0.5532544851303101
86,maml_k5,0.5779849290847778
87,maml_k5,0.4320913851261139
88,maml_k5,0.539150059223175
89,maml_k5,0.573788583278656
90,maml_k5,0.48113933205604553
91,maml_k5,0.5578626394271851
92,maml_k5,0.4330667555332184
93,maml_k5,0.48741415143013
94,maml_k5,0.47637224197387695
95,maml_k5,0.5189377665519714
96,maml_k5,0.5714834928512573
97,maml_k5,0.5242171883583069
98,maml_k5,0.5937229990959167
99,maml_k5,0.4382750988006592
100,maml_k5,0.518363893032074
0,maml_k20,3.1451165676116943
1,maml_k20,2.864058494567871
2,maml_k20,2.416445732116699
3,maml_k20,2.3909964561462402
4,maml_k20,2.207628011703491
5,maml_k20,2.23371958732605
6,maml_k20,1.9529560804367065
7,maml_k20,1.8771077394485474
8,maml_k20,1.8888260126113892
9,maml_k20,1.8489437103271484
10,maml_k20,1.7297513484954834
11,maml_k20,1.6987712383270264
12,maml_k20,1.7134908437728882
13,maml_k20,1.720233678817749
14,maml_k20,1.665511131286621
15,maml_k20,1.7104719877243042
16,maml_k20,1.6490408182144165
17,maml_k20,1.5580352544784546
18,maml_k20,1.5277483463287354
19,maml_k20,1.5467655658721924
20,maml_k20,1.423421859741211
21,maml_k20,1.5170973539352417
22,maml_k20,1.477225661277771
23,maml_k20,1.32286536693573
24,maml_k20,1.4226710796356201
25,maml_k20,1.309287428855896
26,maml_k20,1.3151988983154297
27,maml_k20,1.235452651977539
28,maml_k20,1.3289122581481934
29,maml_k20,1.1998463869094849
30,maml_k20,1.2889529466629028
31,maml_k20,1.1601959466934204
32,maml_k20,1.2855767011642456
33,maml_k20,1.1770806312561035
34,maml_k20,1.1511303186416626
35,maml_k20,1.1301993131637573
36,maml_k20,1.079710841178894
37,maml_k20,1.1240310668945312
38,maml_k20,1.0866529941558838
39,maml_k20,1.0265923738479614
40,maml_k20,0.8912946581840515
41,maml_k20,0.8842460513114929
42,maml_k20,0.9697878956794739
43,maml_k20,0.9430044293403625
44,maml_k20,0.8244397044181824
45,maml_k20,0.7855863571166992
46,maml_k20,0.7105811238288879
47,maml_k20,0.7460886240005493
48,maml_k20,0.7437567114830017
49,maml_k20,0.7318100929260254
50,maml_k20,0.6531670689582825
51,maml_k20,0.6556520462036133
52,maml_k20,0.6796275973320007
53,maml_k20,0.5843124389648438
54,maml_k20,0.6561918258666992
55,maml_k20,0.7215629816055298
56,maml_k20,0.5739959478378296
57,maml_k20,0.6170672178268433
58,maml_k20,0.6422319412231445
59,maml_k20,0.5536842346191406
60,maml_k20,0.5980165600776672
61,maml_k20,0.6193368434906006
62,maml_k20,0.6542717814445496
63,maml_k20,0.6198341846466064
64,maml_k20,0.5984932780265808
65,maml_k20,0.5841349363327026
66,maml_k20,0.6622506976127625
67,maml_k20,0.588718831539154
68,maml_k20,0.5061959028244019
69,maml_k20,0.6617295145988464
70,maml_k20,0.6678951382637024
71,maml_k20,0.4933701753616333
72,maml_k20,0.6041989326477051
73,maml_k20,0.5909649133682251
74,maml_k20,0.5550645589828491
75,maml_k20,0.6302091479301453
76,maml_k20,0.5747048854827881
77,maml_k20,0.5396211743354797
78,maml_k20,0.5321100354194641
79,maml_k20,0.6020548343658447
80,maml_k20,0.5630581378936768
81,maml_k20,0.5362496972084045
82,maml_k20,0.563910961151123
83,maml_k20,0.5575063228607178
84,maml_k20,0.5923129916191101
85,maml_k20,0.5725184679031372
86,maml_k20,0.5199010968208313
87,maml_k20,0.5215404033660889
88,maml_k20,0.5924737453460693
89,maml_k20,0.4209180772304535
90,maml_k20,0.5594854354858398
91,maml_k20,0.47031646966934204
92,maml_k20,0.5312520861625671
93,maml_k20,0.5306469202041626
94,maml_k20,0.5310351848602295
95,maml_k20,0.5719850659370422
96,maml_k20,0.4233604371547699
97,maml_k20,0.5109374523162842
98,maml_k20,0.49086254835128784
99,maml_k20,0.48524361848831177
100,maml_k20,0.45232659578323364
0,maml_k50,3.151223659515381
1,maml_k50,2.988147497177124
2,maml_k50,2.795166254043579
3,maml_k50,2.6372873783111572
4,maml_k50,2.384671688079834
5,maml_k50,2.229580879211426
6,maml_k50,2.148792028427124
7,maml_k50,2.126882791519165
8,maml_k50,1.9493569135665894
9,maml_k50,1.801646113395691
10,maml_k50,1.752331256866455
11,maml_k50,1.7538914680480957
12,maml_k50,1.6420706510543823
13,maml_k50,1.4117329120635986
14,maml_k50,1.461449146270752
15,maml_k50,1.4491881132125854
16,maml_k50,1.4635307788848877
17,maml_k50,1.3912081718444824
18,maml_k50,1.537062406539917
19,maml_k50,1.444614291191101
20,maml_k50,1.3949801921844482
21,maml_k50,1.3837040662765503
22,maml_k50,1.4658160209655762
23,maml_k50,1.3089207410812378
24,maml_k50,1.2739312648773193
25,maml_k50,1.3438974618911743
26,maml_k50,1.2235212326049805
27,maml_k50,1.3303073644638062
28,maml_k50,1.3847239017486572
29,maml_k50,1.2732025384902954
30,maml_k50,1.174455165863037
31,maml_k50,1.2650084495544434
32,maml_k50,1.2296807765960693
33,maml_k50,1.1350088119506836
34,maml_k50,1.0826328992843628
35,maml_k50,1.1971288919448853
36,maml_k50,1.1234806776046753
37,maml_k50,1.1509791612625122
38,maml_k50,1.1887129545211792
39,maml_k50,1.1918590068817139
40,maml_k50,1.1617721319198608
41,maml_k50,1.1312859058380127
42,maml_k50,1.0997873544692993
43,maml_k50,1.0469300746917725
44,maml_k50,1.103195071220398
45,maml_k50,1.0477705001831055
46,maml_k50,1.1241689920425415
47,maml_k50,0.938610851764679
48,maml_k50,0.9631418585777283
49,maml_k50,1.0255171060562134
50,maml_k50,1.0217852592468262
51,maml_k50,0.94991534948349
52,maml_k50,1.0011178255081177
53,maml_k50,0.9261550307273865
54,maml_k50,0.869349479675293
55,maml_k50,0.8263753652572632
56,maml_k50,0.8599666357040405
57,maml_k50,0.8498361706733704
58,maml_k50,0.7704404592514038
59,maml_k50,0.6720288991928101
60,maml_k50,0.7340916991233826
61,maml_k50,0.7544236183166504
62,maml_k50,0.6759387254714966
63,maml_k50,0.6657021045684814
64,maml_k50,0.6638268828392029
65,maml_k50,0.6397785544395447
66,maml_k50,0.6574257016181946
67,maml_k50,0.5920002460479736
68,maml_k50,0.6084780097007751
69,maml_k50,0.6775599122047424
70,maml_k50,0.5579697489738464
71,maml_k50,0.5938820838928223
72,maml_k50,0.6605479717254639
73,maml_k50,0.5218396782875061
74,maml_k50,0.5438457131385803
75,maml_k50,0.5478475093841553
76,maml_k50,0.6831058859825134
77,maml_k50,0.5342686772346497
78,maml_k50,0.6185262799263
79,maml_k50,0.5097531080245972
80,maml_k50,0.5570494532585144
81,maml_k50,0.49007782340049744
82,maml_k50,0.5287060141563416
83,maml_k50,0.6804977059364319
84,maml_k50,0.5553659796714783
85,maml_k50,0.5315678119659424
86,maml_k50,0.4538673162460327
87,maml_k50,0.536790668964386
88,maml_k50,0.5778777599334717
89,maml_k50,0.5273305177688599
90,maml_k50,0.5540286302566528
91,maml_k50,0.6014154553413391
92,maml_k50,0.514041543006897
93,maml_k50,0.5008195638656616
94,maml_k50,0.505840539932251
95,maml_k50,0.5078955888748169
96,maml_k50,0.5732583999633789
97,maml_k50,0.46572405099868774
98,maml_k50,0.5635297298431396
99,maml_k50,0.5377557873725891
100,maml_k50,0.5138484239578247
